lea-number,discount,cost,do-mutate,bucket
65G,90,11436,1,2
34D,90,11436,1,0
298,90,11436,1,2
298,90,13488,1,2
298,90,13692,1,2
480,90,26196,1,1
520,90,26196,1,1
995,80,26196,1,2
890,90,26196,1,1
380,80,26196,1,2
60,80,40176,1,2
720,80,40176,1,2
690,80,40176,1,2
421,80,40176,1,2
30,80,40176,1,2
580,90,40176,1,1
292,90,40176,1,1
660,90,40176,1,1
750,80,40176,1,2
870,80,40176,1,2
220,80,40176,1,2
422,90,40176,1,1
761,90,40176,1,1
291,90,40176,1,1
880,80,53148,1,2
70,90,53148,1,1
270,70,53148,1,2
210,80,53148,1,2
940,90,53148,1,1
460,90,53148,1,1
170,90,53148,1,1
500,80,53148,1,2
560,80,53148,1,2
930,90,53148,1,1
862,80,53148,1,2
241,90,53148,1,1
50,80,53148,1,2
40,90,53148,1,1
950,70,53148,1,2
80,90,53148,1,1
111,60,53148,1,2
181,80,54084,1,2
570,80,54084,1,2
20,80,58272,1,2
182,80,58272,1,2
610,80,58272,1,2
420,90,62208,1,1
620,90,62208,1,1
821,90,62208,1,1
200,80,121764,1,1
590,80,91980,1,1
350,80,94236,1,1
160,80,94236,1,1
680,60,94236,1,2
840,80,94236,1,1
132,90,94236,1,1
990,80,94236,1,1
830,90,96792,1,1
330,90,96792,1,1
700,80,96792,1,1
300,70,96792,1,2
910,90,96792,1,1
850,80,96792,1,1
240,90,96792,1,1
440,80,96792,1,1
770,90,96792,1,1
280,70,96792,1,2
730,80,96792,1,1
710,80,117564,1,1
190,80,121716,1,1
90,90,121716,1,1
820,90,121716,1,1
400,90,121716,1,1
970,80,121716,1,1
530,80,141132,1,1
140,80,126192,1,1
760,80,126192,1,1
630,70,132624,1,2
450,80,141132,1,1
860,80,141132,1,1
390,80,141132,1,1
980,90,141132,1,1
550,70,141132,1,1
810,90,141132,1,1
290,70,141132,1,1
491,60,141132,1,2
250,80,141132,1,1
230,90,141132,1,1
180,80,141132,1,1
960,90,162168,1,1
650,90,162168,1,1
470,90,179820,1,1
310,90,179820,1,1
670,80,180420,1,1
790,80,180420,1,1
681,50,180420,1,2
110,80,200184,1,1
120,80,200184,1,1
430,80,235560,1,1
640,90,235560,1,1
100,80,240084,1,1
740,80,213840,1,1
900,50,213840,1,2
800,80,239556,1,1
10,80,239556,1,1
540,90,290100,1,1
320,80,289848,1,1
130,60,317148,1,1
780,90,340416,1,1
490,60,340416,1,1
410,80,340416,1,1
360,80,340416,1,1
340,80,369036,1,1
260,90,369036,1,1
510,70,509196,1,1
920,60,1150980,1,1
600,80,1534644,1,1
49D,90,10872,1,0
27A,25,10872,1,3
60N,90,10872,1,0
93L,90,10872,1,0
95A,50,10764,1,3
41C,90,10764,1,0
60Y,40,10764,1,3
61L,90,10764,1,0
61P,40,10764,1,3
93J,90,10764,1,0
45A,40,10764,1,3
45B,40,10764,1,3
11K,40,10764,1,3
19C,40,11556,1,3
60U,90,11556,1,2
10B,50,11556,1,3
41N,40,11556,1,3
41M,90,11556,1,2
93R,40,11556,1,3
54A,90,11556,1,2
63C,80,23244,1,2
20A,80,23244,1,2
88A,70,12312,1,3
07A,50,12432,1,3
60L,90,12432,1,2
87A,70,12432,1,0
12A,40,12432,1,3
11B,40,12432,1,3
79A,50,12432,1,3
92D,20,12432,1,3
92K,40,12432,1,3
60M,40,12432,1,3
68C,40,12432,1,3
65D,40,12432,1,3
60F,20,12432,1,3
60P,80,12432,1,0
32P,90,12432,1,2
11C,40,12432,1,3
23A,20,12432,1,3
76A,40,12432,1,3
67B,90,12432,1,2
94Z,50,12432,1,3
96F,70,12432,1,0
42A,90,12432,1,2
13C,80,12432,1,0
61K,60,12432,1,0
32Q,50,12432,1,3
63A,70,12432,1,0
32R,40,12432,1,3
44A,80,12432,1,0
92B,40,12432,1,3
78A,80,12432,1,0
61Q,50,12432,1,3
09B,90,12432,1,2
53B,50,12432,1,3
96C,90,12432,1,2
11A,40,12432,1,3
93A,90,12432,1,2
78B,50,12432,1,3
97D,90,13164,1,2
43C,50,13164,1,3
26C,80,13164,1,0
73A,70,13164,1,0
32C,90,15036,1,2
65A,50,15180,1,0
69A,80,15552,1,0
50A,50,15576,1,0
01D,50,15576,1,0
32M,90,15576,1,2
10A,60,15576,1,0
24N,90,15576,1,2
60J,40,15576,0,3
32K,50,15576,1,0
65C,90,15576,1,1
39B,50,15576,1,0
91B,90,15576,1,1
60Q,40,15576,1,3
60V,90,15576,1,2
81B,60,15576,1,0
61M,50,15576,1,0
74B,60,15576,1,0
32S,90,15576,1,2
70A,50,15576,1,0
41K,40,15576,1,0
61N,40,15576,1,3
41H,90,15576,1,1
65F,40,15576,1,3
61U,20,15576,1,3
93N,20,15576,1,3
29A,40,15576,1,3
61T,80,15576,1,0
92F,20,15576,1,3
61X,40,15576,1,3
32B,90,15576,1,1
32A,90,15576,1,2
06B,90,15576,1,2
34B,90,15576,1,2
32D,50,15576,1,0
92E,40,15576,1,3
26B,90,15828,1,1
64A,90,26196,1,1
68A,40,26196,1,0
92R,50,26196,1,0
81A,50,26196,1,0
92P,40,26196,1,0
73B,50,26196,1,0
60I,40,26196,1,0
51A,50,26196,1,0
13A,40,26196,1,0
19A,50,26196,1,0
41F,80,26196,1,2
19B,70,26196,1,0
58B,50,26196,1,0
39A,50,26196,1,0
92U,40,26196,1,0
34H,40,26196,1,0
60K,40,26196,1,0
92T,40,26196,1,0
11D,60,26196,1,0
98B,50,26196,1,0
60S,40,26196,1,0
92Y,40,26196,0,0
36B,60,26196,1,0
41G,40,26196,1,0
84B,50,26196,1,0
91A,60,26196,1,0
01B,50,26196,1,0
60B,90,26196,1,1
66A,90,26196,1,1
60G,50,26196,1,0
861,60,40176,1,0
370,70,40176,1,2
90A,40,40176,1,0
49B,50,40176,1,0
32L,50,40176,1,0
49E,40,40176,1,0
55A,50,40176,1,0
92G,50,40176,1,0
36C,50,40176,1,0
32N,50,40176,1,0
33A,80,40176,1,2
60D,50,53148,1,2
150,60,53148,1,2
92S,20,12432,1,3
61W,40,12432,1,3
93Q,50,12432,1,3
61V,90,15180,1,2
34K,20,15180,1,3
09A,90,15576,1,2
61J,40,15576,1,0
08A,90,15576,1,2
35B,20,15576,1,3
32T,25,15576,1,3
90D,50,15576,1,0
80B,20,15576,1,3
36F,90,15576,1,1
41D,50,15576,1,0
42B,90,15576,1,2
36G,25,15576,1,3
62J,60,15576,1,0
94A,25,15576,1,3
62A,90,15576,1,1
01C,25,15576,1,3
